id,name,tier_weight,audit_status,status_now,p1_exit,why,evidence_tests,evidence_real_site,docs,remaining_gaps,effort_days_to_solid,effort_days_all_gaps
scrape-formats.formats-array,Multi-format output in one request (formats array),3,partial,solid,P1 (M1),"Unchanged from core-status-2026-09-30 (5bfffec): between 5bfffec and 6024703 the engine changed only through #82 (table pages and table cells) and the docs through #75 and #82; every real-site case cited below passes again with the same checks in runs/2026-09-30-main-6024703.md. Still solid on 5bfffec; no merged PR since a1ba589 changed it: no count cap; batch and crawl return the formats asked for, links included; every unsupported format or parameter is a 400 naming it on native and /fc (packages/contracts/src/api.ts:201-206, 407-418; packages/contracts/src/firecrawl.ts:195-212). A file result keeps the contract: links [] when links are asked for, JSON from a PDF's Label: value lines. Both halves of the audit check pass again (A16, A17).","packages/contracts/test/api.test.ts (names unsupported formats instead of capping the count, and still rejects duplicates; rejects unknown request keys by name for scrape, batch and crawl) | packages/api/test/app.test.ts (rejects unknown keys and unsupported formats by name; crawls with formats and pathname filters and returns absolute links on each page) | packages/api/test/batch.test.ts | packages/api/test/firecrawl.test.ts (POST /fc/v1/scrape and /fc/v1/crawl reject unsupported formats and parameters by name) | packages/api/test/files.test.ts (gives batch items their file and Evidence Record, and saves nothing for a refused URL) | packages/mcp/test/tools.test.ts (forwards crawl formats and path filters, with no count cap on formats)","Audit check as written: A16 8/8, A17 5/5. P1 item 5 cases: L01 10/10, A01 2/2, A02 1/1, A03 1/1, A04 2/2. Record runs/2026-09-30-main-6024703.md (source commit 6024703).","Match: README.md:135,137; docs/batch-scrape.md:3; docs/firecrawl-shim.md:36,41; apps/public-web/content/reference.md:63-84 (Errors). Imprecise: README.md:133 calls the no-formats REST response ""the legacy full Markdown response"" without saying it includes links; README.md:256 says a file result has no links, while a links request returns links: []; the MCP scrape tool schema states no default (packages/mcp/src/tools.ts:63-82).","Defaults differ by surface: native scrape without formats returns markdown and links (packages/api/src/structured.ts:903), batch and crawl markdown only (packages/api/src/engine.ts:432,467), MCP markdown or json on adapter pages (structured.ts:899-901); Firecrawl returns markdown only | html, rawHtml, screenshot and the other Firecrawl formats are refused, not produced (separate P2 and later features)",0,0.75
scrape-formats.markdown,Markdown format,3,weak,solid,P1 (M1),"#82 (extract-tf/4, 6024703) closes the three counted items of the previous record. (1) Table cells and captions keep link and image targets, absolute, on one line, with every | written \| (cellText, packages/extract-tf/src/markdown.ts:120); M13 finds 210 of 210 targets in Hacker News' story table absolute, and htmlToMarkdown turns <td><a href=""https://example.org/story"">A story</a></td> into | [A story](https://example.org/story) |. (2) A page extracted by its tables keeps as main content the lowest element that holds all its data tables, with the headings, captions and text between them (selectTable, packages/extract-tf/src/route.ts:440-450 and below); a menu laid out as a table counts only when it is the page's largest table. Reproduced on 6024703 through POST /v1/scrape (in-process API, HTTP lane) on the previous record's statistics page (three captioned data tables under h2 headings, its h1 in a banner): success, strategy table, all three tables, the three headings and the intro, no navigation (998 characters, against 392 on 5bfffec); extractTf.extract gives the same three tables with the h1 in a banner, directly in <body> or absent. M12 (EIA Electric Power Annual table 1.1: a title, two data tables, notes and sources) passes. (3) README.md:152 now states the nested-table rule the code has (a table lays out the page when its nested tables hold at least half its text) and what a table page keeps; the station-table fixture is one grid with a 1 b 2 as the summary cell. The uncounted data: link target is also closed: an <a href=""data:...""> keeps its text and loses its target (linkTarget, markdown.ts:303). A36 (the SEC filing) was skipped in the full run, as W2L_CONTACT was not set, and passed 8/8 when run alone on the same commit with the operator's contact (runs/2026-09-30-main-6024703-a36.md): 288,381 characters, IREN 77 times.","packages/extract-tf/test/markdown.test.ts (keeps link and image targets in table cells, absolute and on one line, with | escaped; drops data: link targets and keeps the link text, as for images; keeps a data table that holds a small table in one cell as one grid; lays out a table that holds a table as blocks, and only the inner table as a grid (Hacker News); resolves relative targets against the base URL; golden pages S01, S04, S07, S09, S10) | packages/extract-tf/test/route.test.ts (selectTable keeps every data table of a table page, with the headings, captions and text between them; selectTable leaves out a menu of links laid out as a table in the page's side column; selectTable takes the tables' container below <body> with a lone h1 that shares it, and the body when only the body holds them all; does not route a page whose text lies outside its tables to the table strategy) | packages/api/test/pageOptions.test.ts (the default keeps every table of a table page with its headings and captions, and leaves out its header and footer) | packages/extract-tf/test/extract.test.ts (keeps the text of a filing laid out as divs around its tables, without its hidden XBRL header) | packages/extract-tf/test/version.test.ts | packages/bench/test/resilientHttp.integration.test.ts | packages/bench/test/ladder.test.ts | packages/bench/test/browserLocal.test.ts | packages/bench/test/provider.test.ts | packages/api/test/app.test.ts. npx vitest run on 6024703: 121 of 121 files, 1459 of 1459 tests.","Audit check: M01 7/7 (MDN 404 status page: H1, absolute targets, no data: URIs, no header or footer), M02 9/9 (Hacker News: the story list without header or footer links), M03 5/5. Table cases: M12 10/10 (document.strategy table; the title, both data tables with their heading rows and figures, the notes and sources), M13 6/6 (210 of 210 targets in the story table's rows absolute, 61 of them discussion links), L04 10/10. P1 item 3 cases: S01 7/7, S04 6/6, S05 3/3, S07 4/4, S08 3/3, S09 5/5, S10 4/4, L05 4/4, L06 4/4, L07 6/6, L08 16/16, L10 10/10; A16 8/8. A36 8/8 on 6024703 in runs/2026-09-30-main-6024703-a36.md (skipped in the full run, W2L_CONTACT unset). Record runs/2026-09-30-main-6024703.md (source commit 6024703).","Match: README.md:152 (data: URIs dropped, an image keeping its alt text and a link its text; table cells and captions keep links and images with absolute targets and | as \|; the nested-table rule; what a table page keeps), docs/firecrawl-shim.md:36 (removeBase64Images), packages/contracts/src/firecrawl.ts:132, CHANGELOG.md:49,59-60, extract-tf/4 in packages/extract-tf/src/version.ts and apps/public-web/content/reference.md:55.","when the deadline ends a waitFor capture of a page with no main block, the ladder drops that page's Markdown (packages/bench/src/routing/ladder.ts:754-759 keeps only empty_unverified evidence) | the CLI prints a 1500-character excerpt (packages/bench/src/ladderCli.ts:523) | on the HTTP lane, spans that CSS lays out as blocks still run together | emphasis and code inside a table cell are plain text (documented, README.md:152) | a page of links alone laid out as one table is failed/empty_unverified (a local 12-row link table), not a gap of the table fix; M13 covers the real one",0,1.4
scrape-formats.json,JSON structured extraction format,3,weak,solid,P1 (M1),"Unchanged from core-status-2026-09-30 (5bfffec): between 5bfffec and 6024703 the engine changed only through #82 (table pages and table cells) and the docs through #75 and #82; the audit's check passes again (L01, J01-J03); J04 and J05 failed on the network path (see the real-site column). Solid under the record's rules together with the user's ruling of 2026-09-30 on the Amazon adapter (last sentence). #71 fixed the three items of the previous record. Numbers are read as the page writes them (readNumber, packages/api/src/numbers.ts:70-135) for visible prices, page labels, PDF Label: value lines and the Amazon adapter's price list (packages/api/src/structured.ts:55-65, 87-96, 179-238); a lone . or , before three digits that nothing settles is left out with a field_unavailable issue quoting the text; the visible-price pattern takes an amount grouped by spaces or apostrophes whole (packages/extract-tf/src/product.ts:39-50). Reproduced on 5bfffec through POST /v1/scrape (in-process API, HTTP lane) on a local product page with a {title, price: number} schema: 12,99 € gives 12.99, 1.299,00 € and 1 299,00 € give 1299, CHF 1'299.– gives 1299 and £51.77 gives 51.77, each complete with text evidence quoting the page; 1.299 € and $1,299 leave price out, incomplete with field_unavailable and missing_required. A product list or map reported empty has inferred evidence document.product.<name> (structured.ts:68, 201-235), and README.md:179-181,186 and reference.md:25,30-32 state these rules and the pattern limits the code has. The audit check passes (L01, J01-J03), and J04 reads jpc.de's EUR 399,99 as 399.99 from JSON-LD with the text quoted. The Amazon adapter reads its rating and review count by its own patterns (packages/extract-tf/src/amazon.ts:408-409), so a German or French page is misread as complete (4,5 von 5 Sternen gives 4, 1.234 Sternebewertungen gives 1; reproduced with extractTf.extract and extractStructured on local pages under amazon.de and amazon.fr URLs); by the user's ruling of 2026-09-30 this does not count against json, as the Amazon adapter is paused and worked on separately, and it stays listed under the remaining gaps.","packages/api/test/numbers.test.ts (8 tests: a decimal comma or point with the currency before or after; thousands grouped by a point, a comma, any space, an apostrophe and India lakh groups; a dash for the minor units; one sign; a lone separator read as decimal where three grouped digits cannot follow, not settled from the text alone, settled only from what the value is; nothing read from text that is not one amount) | packages/api/test/structured.test.ts (reads a visible price as the page writes it; leaves a number unfilled with an issue quoting the page when its notation is not settled, never a guess; settles a lone separator only from a count, a currency without minor units, or JSON-LD and meta decimals; reads the amounts of a product price list and page labels by the same rule; gives a list or map the adapter observed empty an evidence entry; and the earlier schema-subset, evidence, pattern, recursion, model-merge and strict-mode tests) | packages/api/test/app.test.ts (reads JSON numbers as the page writes them, and leaves one it cannot settle unfilled with the text quoted) | packages/extract-tf/test/product.test.ts (reads a price grouped by spaces or apostrophes as one amount, not its last group) | packages/api/test/evidenceRecord.test.ts | packages/contracts/test/api.test.ts | packages/contracts/test/regexSafety.test.ts | packages/api/test/files.test.ts | packages/api/test/batch.test.ts | packages/mcp/test/tools.test.ts. No test runs the Amazon adapter on a comma rating or a point-grouped review count (structured.test.ts passes the facts '4,5' and '1.234' in directly).","Audit check, schema half: L01 10/10 (price 51.77, isbn missing with an issue), J01 15/15 (a Pydantic v2 schema), J02 15/15 (a zod-to-json-schema schema); prompt-only half: J03 3/3 (HTTP 400 invalid_request, as documented). Also S02 4/4, E04 8/8, A33 6/6, F14 9/9 (PDF). The two number cases added by #71 did not reach their pages in this run and failed, J04 1/8 and J05 1/4, and again when rerun (runs/2026-09-30-main-6024703-j04-j05.md): J04's robots.txt lookup through the proxy timed out (policy_denied, no page request), J05 got a Cloudflare challenge (blocked/cloudflare_challenge). Both passed on 5bfffec (J04 8/8: jpc.de EUR 399,99* read as 399.99 from JSON-LD; J05 4/4), and no code on their path changed since (#82 only adds page labels from every table of a table page, which neither is). They are not the audit's check, so json stays solid; its number handling rests on 5bfffec's run for these two pages. Record runs/2026-09-30-main-6024703.md (source commit 6024703).","Match: README.md:179 (every value has evidence; numbers only from one amount), README.md:181 (numbers as the page writes them), README.md:183-192 (the subset and bounds; the pattern limits at :185), apps/public-web/content/reference.md:15-32, CHANGELOG.md:56-58. Contradicted only through the Amazon adapter, which the ruling sets aside: README.md:181 by its 4,5 -> 4 and 1.234 -> 1.","Amazon adapter rating and review count: amazon.ts:408-409 take the first digit run, so '4,5 von 5 Sternen' gives 4 and '1.234 Sternebewertungen' or '1 234 évaluations' gives 1, reported complete; not counted by the user's ruling of 2026-09-30 (the Amazon adapter is paused and worked on in another branch) | a visible price beside several recommendation prices on a page with no structured data is not read (J05: routed as an article, missing_required; an honest failure) | a strict-mode null for an optional property inside an array item is kept and then fails the caller's schema (withoutDisallowedNulls, structured.ts:716-726, does not descend into arrays) | an enum or const without type, and a number-or-string union, keep the label text as a string, which the check then refuses (labelValue, structured.ts:87-89) | Zod v4 z.record / z.tuple output (propertyNames, prefixItems) is refused by name | the model sees main-content Markdown only | arrays are not extracted without a model | prompt-only and model-first extraction refused (paused scope, documented)",0,2.5
scrape-formats.only-main-content,Main-content-only extraction (onlyMainContent),3,partial,solid,P1 (M1),"The option works as before: false returns the whole page as success on a page with no main block in the HTTP, browser and provider lanes (packages/bench/src/subjects/resilientHttp.ts:541-578, browserLocal.ts:788-823, packages/bench/src/subjects/provider.ts:524-552), on REST, batch, crawl, /fc, MCP and the SDK; M04 and M05 pass. #82 fixes the default on table-routed pages, the one counted item of the previous record: the main content is the lowest element holding all the data tables (selectTable, packages/extract-tf/src/route.ts:440-450 and below). Reproduced on 6024703 through POST /v1/scrape (in-process API, HTTP lane) on the statistics page with three captioned data tables and its h1 in a banner: the default gives all three tables, their headings and the intro, without the navigation (998 characters); onlyMainContent false gives the same three tables with the h1 and the navigation (1,143 characters). M12 passes on a real table page. The fix and its effort are shared with scrape-formats.markdown.","packages/api/test/pageOptions.test.ts (the default keeps every table of a table page with its headings and captions, and leaves out its header and footer; on a page with no main block, false returns the whole page and the default keeps it as evidence; onlyMainContent false returns the whole page with the evidence of the main-content scrape; batch and crawl apply the options to every page) | packages/extract-tf/test/route.test.ts (selectTable keeps every data table of a table page; leaves out a menu laid out as a table; takes the tables' container below <body> with a lone h1 that shares it) | packages/bench/test/browserLocal.test.ts | packages/bench/test/provider.test.ts | packages/bench/test/resilientHttp.integration.test.ts | packages/extract-tf/test/extract.test.ts | packages/contracts/test/api.test.ts | packages/contracts/test/firecrawl.test.ts | packages/mcp/test/tools.test.ts","Audit check: M04 11/11 (bbc.com/news/technology: true leaves out the navigation and footer, false keeps them and is longer, 31,775 against 26,263 characters). M05 6/6 (Wikipedia portal: false returns the whole page as success where no main block is found). Table page: M12 10/10. P1 item 6: A07 5/5, L08 16/16, S04 6/6. A36 8/8 on 6024703 in runs/2026-09-30-main-6024703-a36.md (skipped in the full run, W2L_CONTACT unset). Record runs/2026-09-30-main-6024703.md (source commit 6024703).","Match: README.md:147 and README.md:152 (what a table page keeps as main content), docs/firecrawl-shim.md:25,38, packages/mcp/src/tools.ts:19.","CLI has no flag | the HTTP lane keeps elements hidden with the hidden attribute or display:none, in both modes | the main content of a Wikipedia article keeps the language list and the hidden categories (from A16's response in an earlier record) | on a table page whose lone h1 shares only <body> with the tables, the h1 is left out of the main content (documented, README.md:152)",0,1.25
scrape-formats.metadata-page,"Page metadata (title, description, language, keywords, robots, favicon)",3,partial,solid,P1 (M1),"Unchanged from core-status-2026-09-30 (5bfffec): between 5bfffec and 6024703 the engine changed only through #82 (table pages and table cells) and the docs through #75 and #82; every real-site case cited below passes again with the same checks in runs/2026-09-30-main-6024703.md. Still solid on 5bfffec: title, description, language, keywords, robots, favicon and canonical URL come from the page's own markup, null when undeclared, on scrape (full and compact), batch items, crawl pages and /fc. In the browser lane they are now read against the URL of the document shown, the base its links resolve against (packages/bench/src/subjects/browserLocal.ts:769; #74). A file result carries no metadata, as README.md:256 documents. The audit's python.org check passes again (A12), with A10, A11 and L07.","packages/extract-tf/test/metadata.test.ts (5 tests) | packages/api/test/app.test.ts (returns the page metadata on full and compact scrapes, /fc, batch items and crawl pages) | packages/contracts/test/firecrawl.test.ts (maps the page metadata into data.metadata and leaves out what the page did not declare)","Audit check: A12 8/8 (python.org through /fc); also A10 6/6, A11 7/7, L07 6/6. Record runs/2026-09-30-main-6024703.md (source commit 6024703).","Match: README.md:154, apps/public-web/content/reference.md:11, docs/firecrawl-shim.md:26, docs/batch-scrape.md:3. reference.md:11 does not repeat that failed or blocked results carry no metadata (README.md:154 does).",og:* and twitter:* tags not passed through (documented; separate M2 feature metadata-opengraph) | no metadata on error-status pages (documented; Firecrawl has it) | canonicalUrl not mapped to /fc (packages/contracts/src/firecrawl.ts:125),0,0.75
scrape-formats.metadata-response-status,"Response / fetch metadata (sourceURL, final url, statusCode, contentType, error)",3,weak,solid,P1 (M1),"Unchanged from core-status-2026-09-30 (5bfffec): between 5bfffec and 6024703 the engine changed only through #82 (table pages and table cells) and the docs through #75 and #82; every real-site case cited below passes again with the same checks in runs/2026-09-30-main-6024703.md. #74 fixed the blocker of the previous record and the three gaps it left uncounted. The browser lane follows the documents its main frame shows (MainFrameDocuments, packages/bench/src/subjects/browserDocuments.ts) and reports the final URL, status and content type of the document it reads, judging the page by them (packages/bench/src/subjects/browserLocal.ts:578-640, 673-686): a page that answers 200 and moves to a 404 by location.replace or a meta refresh is failed/http_error with the 404's URL, status and type on REST, in the Evidence Record, the compact snapshot and /fc. A URL set with the history API is not a redirect: the final URL stays the one the document was loaded from, with its own status, and a same_document_navigation trace event names the page's URL (browserLocal.ts:618), the design the user accepted, as Evidence Record v1 defines finalUrl. A navigation during the settle wait is captured on its new document (packages/bench/src/browserSettle.ts:27-52), a page that keeps loading documents is failed/redirect_loop with no content or status (browserLocal.ts:1019), a file the browser displays or downloads lists its hops with complete (browserLocal.ts:932), and the HTTP lane names the URL whose redirect closes a loop, with its status (packages/http-core/src/resilient.ts:345-355). The audit check passes (A18, A19), with M06-M08 and the new M09-M11.","packages/bench/test/browserLocal.test.ts (after the page moves on by itself: reports the status and content type of the document it shows, and judges it by them; settles on the document a zero-second meta refresh loads, with or without waitFor; reports the URL a document was loaded from when the history API changed it, and keeps a fragment; never pairs a page that reloads itself without end with another document, bounds its chain and closes it; stops waiting for a page close Chromium leaves unanswered; reports a server redirect loop as the redirect limit Chromium reached; and the earlier content-type and redirect-hop tests) | packages/api/test/evidenceRecord.test.ts (records the document a script or a meta refresh moved on to, in every response shape; names the last URL that answered on a redirect loop, with its status; records what a real Chromium observed, every redirect hop included) | packages/http-core/test/resilient.test.ts (names the URL that redirects to itself as the final URL of its loop) | packages/contracts/test/firecrawl.test.ts | packages/bench/test/resilientHttp.integration.test.ts | packages/bench/test/provider.test.ts | packages/api/test/app.test.ts","Audit check as written: A18 6/6 and A19 4/4 (HTTP lane). M06 8/8 (browser lane: the content type and both hops of http://www.github.com, complete true), M07 6/6 (compact snapshot httpStatus and contentType), M08 5/5 (/fc metadata url and contentType). Client-side navigation: M09 12/12 (a page answering 200 whose script runs location.replace to books.toscrape.com's 404: failed/http_error, final URL the 404 page, httpStatus 404, text/html, a two-hop chain with complete true), M10 7/7 (/fc, a zero-second meta refresh to the same 404: success false, url, statusCode 404, contentType text/html), M11 11/11 (spa-github-pages.rafgraph.dev/example, a 404 page that moves to /?/example: success, final URL /?/example with its 200, and a same_document_navigation event naming /example). P1 item 2: S03 3/3, L12 3/3; E01 10/10, E02 7/7, E03 6/6. Record runs/2026-09-30-main-6024703.md (source commit 6024703).","Match: packages/contracts/src/result.ts:70-107 (finalUrl, httpStatus, redirectChainComplete and contentType of the response that answered finalUrl), packages/contracts/src/api.ts:57-61 (compact snapshot), packages/contracts/src/firecrawl.ts:56-63, apps/public-web/content/reference.md:46-49, docs/firecrawl-shim.md:26 (now says error is W2L's reason code), README.md:133,148, CHANGELOG.md:50-52.","On a refused request evidence.finalUrl and /fc url are the requested URL while evidenceRecord.finalUrl is null (rechecked on 5bfffec with a robots.txt disallow) | page failures are reason codes without a readable message | a page that keeps loading documents is failed/redirect_loop with no content or status (documented) | the provider lane sees only [requested, final], complete false (documented)",0,0.75
scrape-execution.wait-for,waitFor post-load delay,3,partial,solid,P1 (M1),"Unchanged from core-status-2026-09-30 (5bfffec): between 5bfffec and 6024703 the engine changed only through #82 (table pages and table cells) and the docs through #75 and #82; every real-site case cited below passes again with the same checks in runs/2026-09-30-main-6024703.md. Still solid on 5bfffec, and its listed gap is closed: a page that navigates during the settle wait or waitFor (a zero-second meta refresh) is captured on its new document instead of failing as connection_error (packages/bench/src/browserSettle.ts:27-52, packages/bench/src/subjects/browserLocal.ts:578-612; #74, M10). waitFor (0 to 60 000 ms) starts at the browser rung, waits after load and settle, and fails honestly when no rung can wait; it works on REST, /fc, MCP, SDK, batch and crawl, a negative value is a 400, and the audit's check passes both ways (S06, A20, A21). With waitFor the browser catches a file download (F13).","packages/bench/test/ladder.test.ts (waitFor starts at a rung that can wait; with no rung that can wait it is an honest failure) | packages/bench/test/browserLocal.test.ts (waits waitFor after load and stability before it captures; captures the page so far as partial when the timeout cuts waitFor short; settles on the document a zero-second meta refresh loads, with or without waitFor) | packages/api/test/pageOptions.test.ts | packages/api/test/files.test.ts | packages/contracts/test/api.test.ts | packages/contracts/test/firecrawl.test.ts | packages/mcp/test/tools.test.ts | packages/bench/test/browserSettle.test.ts","Audit check: S06 2/2, A20 2/2, A21 3/3; with timeout: A08 2/2, A09 2/2; F13 9/9 (the browser rung catches a PDF download); M09 12/12, M10 7/7 and M11 11/11 wait on pages that move on by themselves. Record runs/2026-09-30-main-6024703.md (source commit 6024703).","Match: README.md:148 (now also says a document the page moved on to settles before the capture), docs/firecrawl-shim.md:39, docs/batch-scrape.md:3, packages/mcp/src/tools.ts:20. apps/public-web/content/reference.md does not cover the page options.","CLI has no --wait-for | the compact/MCP response hides the wait_for_unavailable trace, so a refused wait reads as any policy_denied | SDK does no client-side validation | public reference silent",0,1.5
scrape-execution.timeout,Per-scrape timeout,3,partial,solid,P1 (M1),"Unchanged from core-status-2026-09-30 (5bfffec): between 5bfffec and 6024703 the engine changed only through #82 (table pages and table cells) and the docs through #75 and #82; every real-site case cited below passes again with the same checks in runs/2026-09-30-main-6024703.md. #73 fixed the blocker of the previous record: the local and hosted Streamable HTTP MCP services track the calls in flight (InFlightCalls, packages/mcp/src/inFlight.ts), give each client an Mcp-Session-Id at initialize, and stop a call when the same client (the same session id and, on the hosted service, the same bearer token) sends notifications/cancelled or closes the call's request (packages/mcp/src/server.ts:24-45, localHost.ts:84, host.ts:105); the call is answered Request cancelled (code 0). T06 passes on 5bfffec against the local service over a real slow page. #73 also closed two gaps the previous record left uncounted: batch and crawl JSON model fallback runs within the page's timeout (packages/api/src/engine.ts:293-302), and the SDK's scrape waits for the answer until its timeout plus 30 s instead of Node fetch's 300 s wait for headers (packages/sdk/src/client.ts:51-72, 216-221). #72 counts a lane wait set to the time left as the deadline even when its timer fires a few milliseconds early (packages/http-core/src/resilient.ts:256-282). The lane waits follow a caller's timeout as before; A22-A24 and T01 pass.","packages/mcp/test/httpCancellation.test.ts (over real HTTP: stops a local scrape when its own client cancels the call, and not on another client's cancel of the same id; stops a local scrape when its client disconnects before the result; stops a hosted call on its own bearer token's cancel or disconnect, never on another token's; stops a hosted wait_batch when its client cancels the call, and the batch goes on; stops a scrape over HTTP when the MCP SDK client cancels its call; InFlightCalls scoping and limits) | packages/api/test/pageOptions.test.ts (a batch or crawl page's timeout also ends its JSON model fallback; a timeout answers HTTP 200 with partial or failed/timeout, never HTTP 500) | packages/sdk/test/client.test.ts (waits for a scrape's answer until its timeout plus 30 s, past the fetch dispatcher's own wait for headers) | packages/http-core/test/resilient.test.ts (says the deadline ended a header or body wait set to the time left, not one a lane cap ended; waits until a caller-chosen deadline) | packages/bench/test/browserLocal.test.ts | packages/bench/test/ladder.test.ts | packages/bench/test/execution.integration.test.ts | packages/mcp/test/tools.test.ts | packages/contracts/test/api.test.ts","Audit check: A22 5/5 (timeout 3000: failed/timeout, HTTP 200, 3,004 ms), A23 4/4 (timeout 20000: success in 11,004 ms), A24 3/3 (timeout 0: HTTP 400); T01 7/7 (timeout 45000: the HTTP rung waited 11,473 ms for its 200). P1 item 6: A08 2/2, A09 2/2. Record runs/2026-09-30-main-6024703.md (source commit 6024703). MCP cancellation over Streamable HTTP: T06 9/9 (another client's cancel leaves the call to answer success after 12,234 ms; the calling client's own cancel is answered Request cancelled 7 ms after it; a probe after two dropped calls answers in 2,121 ms), in runs/2026-09-30-main-5bfffec-t06.md on the same commit: the full run skipped T06, as its command sets no W2L_LOCAL_MCP_URL.","Match: README.md:149 (lane waits; an MCP cancel or closed request stops the call over stdio and both HTTP services, only for the same client; the SDK waits timeout plus 30 s), docs/mcp-first-use.md:140-165 (Cancelling a call), docs/batch-scrape.md:3,25, docs/firecrawl-shim.md:40, apps/public-web/content/reference.md:86, packages/mcp/src/tools.ts:21, CHANGELOG.md:39-42.","A local MCP client that sends no session id can stop a call only by closing its request (documented) | the hosted service's per-token scoping is covered by in-process tests over real HTTP, not by a real-site case (the hosted service needs a WorkOS login) | an HTTP header timeout does not move to the browser (documented) | the robots.txt lookup keeps a fixed 5 s (documented) | the CLI and session capture have no deadline (packages/bench/src/ladderCli.ts; engine.ts:675-681) | provider lanes keep fixed 20 s and 30 s caps (packages/bench/src/vendors/cdp.ts:156-157, vendors/api.ts:32)",0,1.25
scrape-execution.proxy-basic,Basic proxy mode,3,missing,solid,P1 (basic proxy),"Unchanged from core-status-2026-09-30 (5bfffec): between 5bfffec and 6024703 the engine changed only through #82 (table pages and table cells) and the docs through #75 and #82; every real-site case cited below passes again with the same checks in runs/2026-09-30-main-6024703.md. Still solid on 5bfffec as P1 item 9 defines basic proxy: local mode sends every lane, robots.txt, file downloads and the browser's downloads included, through HTTPS_PROXY / HTTP_PROXY with NO_PROXY, hosted mode stays direct, and results record the proxy in evidence.envProxy and in evidenceRecord.proxy on the compact and MCP shape. Wikipedia, reachable here only through the proxy, passes, and httpbin.org/ip shows the proxy's egress address (A25).","packages/bench/test/envProxy.test.ts (HTTP, browser and provider lanes behind the environment proxy) | packages/contracts/test/proxy.test.ts | packages/bench/test/egress.test.ts | packages/api/test/listen.test.ts (local mode routes through the environment proxy unless W2L_PROXY=off; hosted mode never uses the proxy variables) | packages/mcp/test/localHost.test.ts | packages/runtime/test/evidenceRecord.test.ts","Audit check: A25 5/5 (egress 23.132.124.146 as W2L and the runner saw it). Cases that fetch en.wikipedia.org through the proxy: S10 4/4, L06 4/4, A16 8/8, A17 5/5, A28 7/7, A32 4/4, A35 5/5, T03 6/6. 87 of 104 cases' responses record evidence.envProxy. Record runs/2026-09-30-main-6024703.md (source commit 6024703).","README.md:104, docs/batch-scrape.md:33, docs/onboarding.md and docs/mcp-first-use.md describe it. Overstated: README.md:104 says results name the proxy, but robots.txt fetches, results denied before a page request and /fc responses carry none; README.md:30 lists a proxy rung the ladder does not have; the Amazon-pinned local MCP sends the browser direct, undocumented.","Firecrawl request-level proxy: basic is a 400 and there is no metadata.proxyUsed | proxy use not recorded for robots.txt or denied results, and not shown on /fc | Amazon-pinned exception undocumented | no end-to-end REST or MCP test through a proxy, and no test of a file download through it | the egress check depends on the proxy routing the runner and W2L alike",0,3.25
scrape-execution.cache-max-age,Cached content reuse (maxAge),3,missing,missing,P2,"Unchanged from core-status-2026-09-30 (5bfffec): between 5bfffec and 6024703 the engine changed only through #82 (table pages and table cells) and the docs through #75 and #82; no code or docs line this row cites changed. Unchanged since 7e2a7b3: no cross-request cache. maxAge is refused by name with HTTP 400 unsupported_parameter on scrape, batch and crawl (packages/contracts/src/api.ts:201-206), there is no cacheState or cachedAt, and useCached only reuses a crawl's own pages when it resumes.","packages/contracts/test/api.test.ts (rejects unknown request keys by name for scrape, batch and crawl) | packages/runtime/test/orchestrator.test.ts (skips the fake fetch for cached pages only with --use-cached, and marks them; useCached on resume only)",None: not implemented.,README.md:141 (a resume reuses pages with useCached: true) and docs/firecrawl-shim.md:28 match; useCached still has no description on the MCP crawl tool (packages/mcp/src/tools.ts:101) or the contract (packages/contracts/src/api.ts:91).,"Cache index, maxAge on every surface, cacheState/cachedAt, tests, docs (audit estimate 4 d) | document useCached as resume-only on MCP and the contract",4,4.5
crawl-batch.crawl-start-async,Start crawl job (async),3,weak,solid,P1 (M1),"Unchanged from core-status-2026-09-30 (5bfffec): between 5bfffec and 6024703 the engine changed only through #82 (table pages and table cells) and the docs through #75 and #82; every real-site case cited below passes again with the same checks in runs/2026-09-30-main-6024703.md. Still solid on 5bfffec: a crawl start answers at once, follows the apex/www twin and the host the seed redirects to, stores every option and resumes after a restart; data links (PDF, CSV, XLSX, JSON, XML, ZIP) are fetched as files, while image, font, style, script, media and program links are skipped (packages/runtime/src/frontier.ts:283-300). A13 passes, and F11, a crawl that reaches a PDF, passes again now that www.insee.fr's robots.txt answered.","packages/api/test/crawlLifecycle.test.ts (follows links on the host the seed redirected to, never fetches asset links; resumes a crawl paused by shutdown on the next start; resumes on start a crawl a crash left running; POST /v1/crawl/:id/resume) | packages/api/test/files.test.ts (reads the PDF and CSV a crawled page links to) | packages/runtime/test/frontier.test.ts | packages/runtime/test/orchestrator.test.ts | packages/bench/test/crawlCli.test.ts | packages/sdk/test/client.test.ts | packages/mcp/test/tools.test.ts","Audit check: A13 4/4 (apex scrapethissite.com to www, start in 4 ms, 4 pages). F11 10/10 (a crawl from www.insee.fr that reaches a PDF). The restart check of core-status-2026-09-29.md ran on a096a85 and was not repeated. Record runs/2026-09-30-main-6024703.md (source commit 6024703).","Match: README.md:139,141. Omissions: apps/public-web/content/reference.md:7 lists no crawl routes; docs/onboarding.md does not mention resume.",Native start returns only taskId; /fc start returns the seed as url | no lease: a second API on the same task root would run a live crawl twice (documented as one process per task root) | hosted MCP has no crawl (hosted paused) | the restart check has not been repeated since a096a85,0,1
crawl-batch.crawl-wait,Crawl and wait (blocking waiter),3,partial,solid,P1 (M1),"Unchanged from core-status-2026-09-30 (5bfffec): between 5bfffec and 6024703 the engine changed only through #82 (table pages and table cells) and the docs through #75 and #82; every real-site case cited below passes again with the same checks in runs/2026-09-30-main-6024703.md. Still solid on 5bfffec: waitCrawl retries a status request that fails with a network error, 408, 429 or 5xx, after 1, 2, 4, 8, then 10 s or a Retry-After of 60 s or less (packages/sdk/src/client.ts:175-181, 414-455); timeoutMs also ends a request in flight, invalid options throw RangeError, and crawlAndWait returns the report, pages and errors. README.md:143 and docs/onboarding.md:208-215 document it. The audit's check passes (A26), and T02 retries through a 503, a network error and a 429 on a real 20-page crawl.","packages/sdk/test/client.test.ts (waits for a crawl to finish, and stops waiting after timeoutMs; retries a network error, 408, 429 and 5xx while waiting; rethrows other 4xx at once, and a transient error once its retries or the timeout run out; ends a status request still in flight when timeoutMs runs out; crawlAndWait and batchAndWait return the final status with every page, error and item) | packages/api/test/crawlLifecycle.test.ts (crawlAndWait keeps waiting through a 503 and a dropped connection while it polls, then lists every page; uses waitCrawl against the app) | packages/bench/test/crawlCli.test.ts","Audit check: A26 7/7 (docs.python.org/3/tutorial/, 10 pages with Markdown; a 1 s wait throws WaitTimeoutError with the crawl id after 1,000 ms, then that crawl is cancelled). T02 7/7 (crawlAndWait through three injected polling faults, 20 steps). Also A27 6/6. Record runs/2026-09-30-main-6024703.md (source commit 6024703).","Match: README.md:143, docs/onboarding.md:208-215, docs/batch-scrape.md:23, apps/public-web/content/reference.md:86. Imprecise: README.md:143 says crawlAndWait returns every page and error of the crawl; it returns the latest attempt's (packages/sdk/src/client.ts:114-120), which a resume refetches or reuses.","The listing phase of crawlAndWait is neither retried nor bounded by timeoutMs (client.ts:280-291) | a pollIntervalMs above 2^31-1 ms is accepted and setTimeout then fires at once (client.ts:183-189, 500) | a crawl stored before its options were kept is never resumed, so a wait without timeoutMs never ends (packages/api/src/engine.ts:370, 728) | no MCP wait_crawl | CLI crawl prints URLs and status, not content",0,1
crawl-batch.crawl-status,Crawl job status and partial results,3,weak,solid,P1 (M1),"The code is unchanged since 5bfffec, and #75 (ea1c08c) corrected the docs line the previous record counted. docs/firecrawl-shim.md:34 now says a failed or blocked page's markdown is the page W2L received, kept as evidence and never content (a 404 or block page), or null when there was none, and a duplicate's is null; that is what firecrawlPage does (packages/contracts/src/firecrawl.ts:266 and below) and what the previous record reproduced (a 404 and a 500 page with statusCode, error http_error and their error pages' Markdown). The same line now also says total is null for a moment after a start or resume, before the run has opened its queue (packages/runtime/src/orchestrator.ts:177). The /fc crawl status works as before: cancelled, completed and total, data up to 100 pages with next (packages/contracts/src/firecrawl.ts:114-118; packages/api/src/app.ts:311-325); A14, T04 and T05 pass again.","packages/api/test/crawlLifecycle.test.ts (/fc crawl status counts done and queued pages while the crawl runs, pages its data with next, and says cancelled; /fc crawl status: failed and duplicate pages count in total, not completed; total is unknown while a crawl is paused; counts pages while the crawl runs) | packages/api/test/firecrawl.test.ts | packages/contracts/test/firecrawl.test.ts | packages/runtime/test/orchestrator.test.ts (persists the page count while the crawl runs) | packages/runtime/test/taskStore.test.ts | packages/api/test/app.test.ts (returns paginated pages and errors after the engine is restarted). No test covers the cursor while pages are written concurrently, or a malformed native cursor.","Audit check: A14 5/5 (docs.python.org/3/, 30 pages: the count rises while running, up to 28 pages counted while it ran, /pages lists pages mid-run). /fc: T04 11/11 (8 polls; while scraping total known, never below completed and above it at some poll, next present; 30 entries read 10 at a time, 15 completed; no next on the last page), T05 6/6 (cancelled: status cancelled, total equals the 6 entries). Status also read by L02 6/6, L11 3/3, A15 4/4, A32 4/4. Record runs/2026-09-30-main-6024703.md (source commit 6024703).","Match: README.md:141 (native), docs/firecrawl-shim.md:32-35, line 34 included since ea1c08c.","Cursor race: an entry's place is its millisecond timestamp and a random UUID (orchestrator.ts:282-286; packages/runtime/src/sqliteStore.ts:342), so a page written after a read, in the cursor page's millisecond and with a smaller UUID, is never returned to a reader following next or nextCursor (reproduced against the store for an earlier record; the code is unchanged); /pages, /errors and batch /items share it; Firecrawl's client follows next only after the crawl ends | a malformed cursor on native /pages, /errors and batch /items is HTTP 500 (packages/runtime/src/taskStore.ts:67 throws a plain Error) | GET /v1/crawl/:id reads every page body of the latest attempt (engine.ts:230-242; about 200 ms at 3,000 pages of 40 KB) | the native report has no total | /v1/crawl/:id/errors always returns audit and trace, and MCP get_crawl_errors has no debug",0,1.4
crawl-batch.include-paths,includePaths filter,3,missing,solid,P1 (M1),"Unchanged from core-status-2026-09-30 (5bfffec): between 5bfffec and 6024703 the engine changed only through #82 (table pages and table cells) and the docs through #75 and #82; every real-site case cited below passes again with the same checks in runs/2026-09-30-main-6024703.md. Still solid on 5bfffec: a pattern that can backtrack catastrophically is refused with invalid_request (packages/contracts/src/regexSafety.ts, api.ts:454-478), the rest run on V8's linear-time engine, and one with lookaround, a backreference or a counted repetition above 16 runs on paths of at most 2,048 characters with a 100 ms limit per link (packages/runtime/src/pathFilter.ts:37-82). Realistic patterns such as ^/blog/.*, .*\.pdf$, ^/(en|fr)/docs/ and /products/[0-9]+ are accepted and match; the audit's check passes (A30), with A05 and A13.","packages/runtime/test/frontier.test.ts (filters discovered links by includePaths / excludePaths on the pathname, never the seed; matches a catastrophic path filter against a crafted path in linear time; runs a filter the linear engine cannot run under a time limit, and skips the links it cannot decide) | packages/contracts/test/regexSafety.test.ts (3 tests) | packages/contracts/test/api.test.ts (refuses a path filter that can backtrack catastrophically, with invalid_request, and keeps lookaround) | packages/runtime/test/orchestrator.test.ts | packages/api/test/app.test.ts | packages/contracts/test/firecrawl.test.ts | packages/api/test/firecrawl.test.ts | packages/mcp/test/tools.test.ts","Audit check: A30 4/4 (every page after the seed under /3/library/); also A05 2/2 (a lookahead pattern, run under the time limit), A13 4/4. Record runs/2026-09-30-main-6024703.md (source commit 6024703).","Match: README.md:137, docs/firecrawl-shim.md:43, packages/mcp/src/tools.ts:108. Overstated: README.md:137 says patterns that can backtrack catastrophically are refused, and regexSafety.ts:20 says the rest run at most quadratically; an unanchored lookaround with two overlapping .* passes the check (below).","Lookaround hole in the static check (regexSafety.ts:292-296): (?=.*/docs/.*\.html$) is accepted; a crafted 2,000-character link path takes it past the 100 ms limit, after which the filter decides no link, so the crawl follows no further filtered link, with no trace event or error entry (frontier.ts:234 path_undecided) | patterns Firecrawl accepts such as .*/docs/.*/api/.* or .*sitemap.*\.xml$ are refused with a 400 naming them (three overlapping parts; anchoring with ^ makes them acceptable) | CLI has no flag | regexOnFullURL is a separate M2 feature",0,0.75
crawl-batch.exclude-paths,excludePaths filter,3,missing,solid,P1 (M1),"Unchanged from core-status-2026-09-30 (5bfffec): between 5bfffec and 6024703 the engine changed only through #82 (table pages and table cells) and the docs through #75 and #82; every real-site case cited below passes again with the same checks in runs/2026-09-30-main-6024703.md. Still solid on 5bfffec: excludePaths shares includePaths' implementation and its ReDoS guard and wins over includePaths; the audit's check passes (A31: nothing under /3/whatsnew/ inside the 30-page budget), as does A06.","Same as crawl-batch.include-paths, plus packages/api/test/crawlLifecycle.test.ts (resumes a crawl paused by shutdown on the next start, with its budget, depth, path filters and formats)",Audit check: A31 4/4; also A06 3/3. Record runs/2026-09-30-main-6024703.md (source commit 6024703).,Same as crawl-batch.include-paths.,"Shares the lookaround hole, which for an exclude filter leaves every later link undecided and so not followed (frontier.ts:256-273), and the missing CLI flag",0,0.25
crawl-batch.page-limit,Crawl page limit,3,solid,solid,P1 (solid at audit),"Unchanged from core-status-2026-09-30 (5bfffec): between 5bfffec and 6024703 the engine changed only through #82 (table pages and table cells) and the docs through #75 and #82; every real-site case cited below passes again with the same checks in runs/2026-09-30-main-6024703.md. Still solid on 5bfffec: an omitted or null maxPages takes the hosted limit and a larger one is refused (packages/api/src/engine.ts:410-412, 426). maxPages stops a crawl with budgetExceeded pages and counts the task's pages across resumes; the audit's check passes (A32: exactly 7 steps), as do L02, A27, A30 and A31.","packages/runtime/test/orchestrator.test.ts (stops at --max-pages with budget_exceeded: pages; does not oversubscribe maxPages while workers are in flight; a resumed crawl never exceeds maxPages) | packages/api/test/crawlLifecycle.test.ts (holds a hosted crawl to the server limit: an omitted or null maxPages takes it, a larger one is refused) | packages/bench/test/crawlCli.test.ts | packages/api/test/app.test.ts","Audit check: A32 4/4; also L02 6/6, A27 6/6, A30 4/4, A31 4/4, T04 11/11 and T05 6/6 (/fc limit). Record runs/2026-09-30-main-6024703.md (source commit 6024703).","Match: README.md:100 (hosted limit), README.md:141, docs/firecrawl-shim.md:29. No doc says failed and policy-denied steps count toward maxPages.","Non-integer maxPages accepted, 2.5 acting as 3 (readBound, packages/contracts/src/api.ts:446-453), and /fc crawl status then reports total 2.5 while the crawl runs | failed, blocked and duplicate steps count, undocumented | local default unbounded",0,0.5
crawl-batch.crawl-scrape-options,Per-page scrapeOptions pass-through for crawl,3,partial,solid,P1 (M1),"Unchanged from core-status-2026-09-30 (5bfffec): between 5bfffec and 6024703 the engine changed only through #82 (table pages and table cells) and the docs through #75 and #82; every real-site case cited below passes again with the same checks in runs/2026-09-30-main-6024703.md. Still solid on 5bfffec, and one gap is closed: a page's timeout now also bounds its JSON model fallback (packages/api/src/engine.ts:293-302; #73). A crawl takes scrape's formats, includeLinks, onlyMainContent, waitFor, timeout and maxFileBytes for every page and returns links, metadata, JSON and files on its pages. The audit's check passes (A33), as do A06 and E06.","packages/api/test/app.test.ts (crawls with formats and pathname filters and returns absolute links on each page) | packages/api/test/pageOptions.test.ts (batch and crawl apply the options to every page; a batch or crawl page's timeout also ends its JSON model fallback) | packages/api/test/files.test.ts (reads the PDF and CSV a crawled page links to) | packages/api/test/crawlLifecycle.test.ts | packages/api/test/firecrawl.test.ts | packages/contracts/test/api.test.ts (takes maxFileBytes on scrape, batch and crawl) | packages/contracts/test/firecrawl.test.ts | packages/mcp/test/tools.test.ts","Audit check: A33 6/6 (Markdown and absolute links on each of 5 pages, JSON title and numeric price on the product pages); also A06 3/3, E06 5/5. Record runs/2026-09-30-main-6024703.md (source commit 6024703).","Match: README.md:137,145-150; docs/firecrawl-shim.md:36-40.","headers, mobile, actions, location, proxy, maxAge, includeTags/excludeTags are refused for crawl as for scrape (separate features) | CLI crawl has no formats or page options | the server-owned channel policy is chosen once from the seed URL (packages/api/src/engine.ts:284) | no end-to-end test of maxFileBytes on crawl or batch pages | SDK does no client-side validation",0,1
crawl-batch.batch-start-async,Start batch scrape job (async),3,solid,solid,P1 (solid at audit),"Unchanged from core-status-2026-09-30 (5bfffec): between 5bfffec and 6024703 the engine changed only through #82 (table pages and table cells) and the docs through #75 and #82; every real-site case cited below passes again with the same checks in runs/2026-09-30-main-6024703.md. Still solid on 5bfffec: POST /v1/batches answers at once with a durable task id and every URL ends as an item, files included; the audit's check passes (A35: 50 URLs on 3 hosts, per-host starts at least the required delay apart), as do L04 and E05.","packages/api/test/batch.test.ts (persists JSON-only results, paginates all URLs, and sends a terminal SSE event; finishes every URL when one origin never answers its robots.txt; recovers an interrupted URL without refetching completed items; pages a 100-URL durable batch; enforces a single active hosted batch) | packages/api/test/files.test.ts (gives batch items their file and Evidence Record) | packages/api/test/pageOptions.test.ts | packages/mcp/test/tools.test.ts","Audit check: A35 5/5 (start in 2 ms; 50 items, of which 47 succeeded and 3 failed on the network through the proxy, 2 connection_error and 1 header timeout; the spacing is W2L's own crawl_delay record); also L04 10/10, E05 4/4. Record runs/2026-09-30-main-6024703.md (source commit 6024703).","Match: docs/batch-scrape.md:3,27; apps/public-web/content/reference.md:7.",One invalid or duplicate URL rejects the whole request without naming it | no invalidURLs / ignoreInvalidURLs (M2 feature) | a submission while another is being accepted gets 400 (documented),0,1.25
crawl-batch.batch-wait,Batch scrape and wait (blocking waiter),3,weak,solid,P1 (M1),"The code is unchanged since 5bfffec, and #75 (ea1c08c) corrected the docs line the previous record counted: README.md:135 now says REST and SDK support the same durable task and paginated items, REST also streams progress and a terminal complete event (GET /v1/batches/:id/events, packages/api/src/app.ts:98-115), and the SDK has no event stream and waits by polling (waitBatch, batchAndWait), as packages/sdk/src/client.ts has it. waitBatch retries transient polling errors like waitCrawl, batchAndWait returns every item, and docs/batch-scrape.md:23 says what the error carries and how retries work. The audit's check passes again (A28), and T03 retries through a 502 and a network error on a real batch.","packages/sdk/test/client.test.ts (the waiter tests above; crawlAndWait and batchAndWait) | packages/api/test/batch.test.ts (persists JSON-only results with waitBatch; recovers an interrupted URL without refetching completed items, waiting across a restart) | packages/mcp/test/tools.test.ts (bounds wait_batch and returns current state when its wait expires; stops a scrape and a wait_batch when the MCP client cancels the call)","Audit check: A28 7/7 (10 Wikipedia articles, 10 successful items with Markdown; a 1 s wait throws WaitTimeoutError with the batch id, then that batch is cancelled). T03 6/6 (batchAndWait through a 502 and a network error, 5 items with Markdown). Record runs/2026-09-30-main-6024703.md (source commit 6024703).","Match: README.md:135 (since ea1c08c), README.md:143, docs/batch-scrape.md:17,23,25, apps/public-web/content/reference.md:86.","MCP wait_batch has no poll interval or timed-out flag, and its tool description is generic (packages/mcp/src/tools.ts:197-201, 275-291) | the listing phase of batchAndWait is neither retried nor bounded by timeoutMs (packages/sdk/src/client.ts:255-262) | after a crash-resume completed counts every attempt and pagesFetched only the latest (packages/api/src/engine.ts:482-489)",0,0.65
crawl-batch.batch-status,Batch scrape status and partial results,3,solid,solid,P1 (solid at audit),"Unchanged from core-status-2026-09-30 (5bfffec): between 5bfffec and 6024703 the engine changed only through #82 (table pages and table cells) and the docs through #75 and #82; every real-site case cited below passes again with the same checks in runs/2026-09-30-main-6024703.md. Still solid on 5bfffec: GET /v1/batches/:id reports requested, completed and remaining, and pagesFetched moves while the batch runs; the audit's check passes (A34: polled every second, completed never goes back, mid-run items are in the final list, 30 completed and 0 remaining).","packages/api/test/batch.test.ts (persists JSON-only results, paginates all URLs, and sends a terminal SSE event; recovers an interrupted URL without refetching completed items; pages a 100-URL durable batch) | packages/api/test/pageOptions.test.ts | packages/mcp/test/tools.test.ts","Audit check: A34 8/8 (up to 28 completed while it ran); also L04 10/10, A28 7/7, A35 5/5, T03 6/6. Record runs/2026-09-30-main-6024703.md (source commit 6024703).","docs/batch-scrape.md:11 matches; completed counts failed URLs too, which it implies (""a completed batch can contain failed URLs"") but never defines.","The cursor race of crawl-batch.crawl-status also affects /items read while the batch runs, which docs/batch-scrape.md:25 suggests for incremental work; a rare timing race, not counted as a blocker (see the record) | a malformed /items cursor is HTTP 500 | completed means processed, failed included, with no succeeded/failed counts | after a restart pagesFetched counts only the latest attempt | creditsUsed, expiresAt and next absent",0,1.25
map-search.map-endpoint,Map: site URL discovery,3,missing,missing,P2,"Unchanged from core-status-2026-09-30 (5bfffec): between 5bfffec and 6024703 the engine changed only through #82 (table pages and table cells) and the docs through #75 and #82; no code or docs line this row cites changed. Unchanged since 7e2a7b3: no map on any surface (no route, SDK method or MCP tool); robots.txt Sitemap lines are parsed (packages/http-core/src/robots.ts:200) but never used. The /fc shim lists map as not covered (packages/contracts/src/firecrawl.ts:24).",packages/http-core/test/robotsParse.test.ts (collects Sitemap lines globally; parsing only),None: not implemented.,The conflict the previous record found is fixed: docs/firecrawl-shim.md:19 now says Map is not implemented yet and the roadmap schedules a native map endpoint for P2 (commit b0ad21b).,"Sitemap and sitemap-index discovery with the seed page's links, include/exclude, dedupe, robots filtering, REST/SDK/MCP, tests and docs (audit estimate 4 d)",4,4
map-search.search-endpoint,Web search (query to ranked web results),3,missing,paused,Paused,"Unchanged from core-status-2026-09-30 (5bfffec): between 5bfffec and 6024703 the engine changed only through #82 (table pages and table cells) and the docs through #75 and #82; no code or docs line this row cites changed. Search is in ROADMAP.md's Paused table; no search code exists (the /fc shim only lists it as not covered, packages/contracts/src/firecrawl.ts:24). Unchanged since 7e2a7b3.",packages/contracts/test/firecrawl.test.ts (lists search as not covered),None: paused.,README.md:208 says Firecrawl Search compatibility is not implemented; docs/firecrawl-shim.md:19 lists Search as not covered.,"Not scheduled; audit estimate 4 d, which also needs a search backend",4,4
map-search.search-limit,Search result count limit,3,missing,paused,Paused,"Unchanged from core-status-2026-09-30 (5bfffec): between 5bfffec and 6024703 the engine changed only through #82 (table pages and table cells) and the docs through #75 and #82; no code or docs line this row cites changed. Search is in ROADMAP.md's Paused table; no search code exists (the /fc shim only lists it as not covered, packages/contracts/src/firecrawl.ts:24). Unchanged since 7e2a7b3.",None,None: paused.,README.md:208 says Firecrawl Search compatibility is not implemented; docs/firecrawl-shim.md:19 lists Search as not covered.,"Not scheduled; audit estimate 0.25 d, which also needs a search backend",0.25,0.25
map-search.search-scrape-results,Scrape search results in the same call (scrapeOptions),3,missing,paused,Paused,"Unchanged from core-status-2026-09-30 (5bfffec): between 5bfffec and 6024703 the engine changed only through #82 (table pages and table cells) and the docs through #75 and #82; no code or docs line this row cites changed. Search is in ROADMAP.md's Paused table; no search code exists (the /fc shim only lists it as not covered, packages/contracts/src/firecrawl.ts:24). Unchanged since 7e2a7b3.",None,None: paused.,README.md:208 says Firecrawl Search compatibility is not implemented; docs/firecrawl-shim.md:19 lists Search as not covered.,"Not scheduled; audit estimate 1.5 d, which also needs a search backend",1.5,1.5
map-search.search-result-shape,Source-grouped search response,3,missing,paused,Paused,"Unchanged from core-status-2026-09-30 (5bfffec): between 5bfffec and 6024703 the engine changed only through #82 (table pages and table cells) and the docs through #75 and #82; no code or docs line this row cites changed. Search is in ROADMAP.md's Paused table; no search code exists (the /fc shim only lists it as not covered, packages/contracts/src/firecrawl.ts:24). Unchanged since 7e2a7b3.",None,None: paused.,README.md:208 says Firecrawl Search compatibility is not implemented; docs/firecrawl-shim.md:19 lists Search as not covered.,"Not scheduled; audit estimate 0.5 d, which also needs a search backend",0.5,0.5
platform.client.api-key,API key authentication,3,partial,solid,P1 (M1),"Unchanged from core-status-2026-09-30 (5bfffec): between 5bfffec and 6024703 the engine changed only through #82 (table pages and table cells) and the docs through #75 and #82; every real-site case cited below passes again with the same checks in runs/2026-09-30-main-6024703.md. Still solid on 5bfffec: w2l-api refuses to start when a --token has no value, last or followed by another flag, and never repeats a token (packages/api/src/listen.ts:70-84). The API accepts several bearer tokens compared as SHA-256 digests in constant time on every route, /fc included (packages/api/src/app.ts:53-63); hosted mode requires one and the SDK sends W2L_API_TOKEN. The audit's check passes (A29).","packages/api/test/auth.test.ts (3 tests) | packages/api/test/listen.test.ts (refuses hosted mode without a token; accepts several tokens; refuses a --token without a value, followed by another flag or last, and never repeats a token) | packages/api/test/app.test.ts | packages/api/test/errors.test.ts | packages/sdk/test/client.test.ts (sends Authorization when a token is configured; takes the token from W2L_API_TOKEN when none is passed) | packages/mcp/test/tools.test.ts","Audit check: A29 7/7, against a hosted-mode API on 127.0.0.1:8931 started with a random token. Record runs/2026-09-30-main-6024703.md (source commit 6024703).","Match: README.md:100,102; apps/public-web/content/reference.md:9,79; the SDK doc comment. The stdio MCP configuration (README.md:121-131) shows no token although the adapter forwards --token / W2L_API_TOKEN.","The stdio MCP adapter still parses --token the old way (packages/mcp/src/stdio.ts:15-22): --token followed by a flag sends the flag as the token (a 401, not a bypass) and a trailing --token falls back to W2L_API_TOKEN | no string-shorthand constructor and no W2L_API_URL fallback in the SDK | revoking one token needs a restart | MCP token forwarding undocumented",0,0.5
platform.sdk.js,JavaScript/TypeScript SDK,3,partial,partial,P2,"Unchanged from core-status-2026-09-30 (5bfffec): between 5bfffec and 6024703 the engine changed only through #82 (table pages and table cells) and the docs through #75 and #82; every real-site case cited below passes again with the same checks in runs/2026-09-30-main-6024703.md. The SDK gained a scrape that waits for the API's answer until its timeout plus 30 s (#73), but it is still private and unpublished (packages/sdk/package.json:5 ""private"": true), ESM only, and needs the unpublished @w2l/contracts at run time, so the audit's npm-install check cannot run.","packages/sdk/test/client.test.ts (routes, token, Monitor/Delivery, cancellation, waiters, retries, crawlAndWait/batchAndWait, W2LError, the scrape wait past the fetch dispatcher's header wait) | packages/api/test/app.test.ts (SDK scrape / crawl / getCrawl talk to the same contract)","The workspace build drove A26 7/7, A27 6/6, A28 7/7, A29 7/7, T02 7/7, T03 6/6; the audit's check needs the published package. Record runs/2026-09-30-main-6024703.md (source commit 6024703).","README.md:49 and apps/public-web/content/reference.md:7 correctly call it a private workspace package; there is no method reference. reference.md:86 says 404 messages read ""crawl not found: <id>"" and ""batch not found: <id>""; the page-list methods say ""crawl not found: /v1/..."" with the path, a batch's items included (packages/sdk/src/client.ts:485).","Publish (npm organisation, contracts published or bundled, versioning) | CJS build | watcher/SSE (README.md:135 claims SDK completion events it does not have) | method reference | map and search methods need those endpoints",3,3
platform.sdk.python,Python SDK (sync),3,missing,missing,P2,"Unchanged from core-status-2026-09-30 (5bfffec): between 5bfffec and 6024703 the engine changed only through #82 (table pages and table cells) and the docs through #75 and #82; no code or docs line this row cites changed. Unchanged since 7e2a7b3: no Python client exists (no package, pyproject or setup.py in the repository).",None,None: not implemented.,Only ROADMAP.md P2 plans it.,"Sync client with waiters and a DataFrame helper, published to PyPI (audit estimate 5 d)",5,5
platform.sdk.waiters,Blocking job waiters,3,partial,solid,P1 (M1),"Unchanged from core-status-2026-09-30 (5bfffec): between 5bfffec and 6024703 the engine changed only through #82 (table pages and table cells) and the docs through #75 and #82; every real-site case cited below passes again with the same checks in runs/2026-09-30-main-6024703.md. Still solid on 5bfffec: waitBatch and waitCrawl retry a network error, 408, 429 or 5xx while polling (after 1, 2, 4, 8, then 10 s or a Retry-After of 60 s or less, maxRetries default 5), throw other errors at once, end a request in flight when timeoutMs runs out and throw WaitTimeoutError with the task id and the last status (packages/sdk/src/client.ts:82-112, 175-189, 414-455); crawlAndWait and batchAndWait collect the results. The audit's check passes (A27), and T02 retries through injected faults on a real crawl.","packages/sdk/test/client.test.ts (waits for a crawl to finish, and stops waiting after timeoutMs; retries a network error, 408, 429 and 5xx while waiting, backing off or following Retry-After; rethrows other 4xx at once, and a transient error once its retries or the timeout run out; ends a status request still in flight when timeoutMs runs out, and checks its options; crawlAndWait and batchAndWait return the final status with every page, error and item) | packages/api/test/crawlLifecycle.test.ts | packages/api/test/batch.test.ts | packages/mcp/test/tools.test.ts","Audit check: A27 6/6 (books.toscrape.com, 20 pages, polled every second, all 20 steps; a 1 s wait throws WaitTimeoutError with the crawl id). T02 7/7, also A26 7/7, A28 7/7, T03 6/6. Record runs/2026-09-30-main-6024703.md (source commit 6024703).","Match: README.md:143, docs/batch-scrape.md:23, docs/onboarding.md:215, apps/public-web/content/reference.md:86.","The listing phase of crawlAndWait / batchAndWait is neither retried nor bounded by timeoutMs | a pollIntervalMs above 2^31-1 ms is accepted and then polls at once (client.ts:183-189, 500) | a malformed baseUrl throws TypeError, which is retried as a network error | CrawlCollected and BatchCollected are not exported from packages/sdk/src/index.ts | no MCP wait_crawl | paused is not terminal (documented)",0,1
