id,status_now,evidence
scrape-execution.custom-headers,solid,"ddf026b (a436397, 3e20c60, 4b7ce20; fix 276e35b): headers on scrape, batch and crawl (REST, SDK, MCP, /fc), at most 32 lower-cased RFC 7230 names, identity, credential and transport names refused by name, sent after the identity on both local rungs, vendor rungs dropped (ladder_channels_filtered). Live runs/2026-10-02-m2-execution.md A1 (httpbin echoes X-Test and Accept-Language beside the unchanged declared User-Agent; request_headers_added, identity_sent), A2 (User-Agent refused with the named 400, nothing fetched), A3/A4 (the Accept header turns scrapethissite's 400 into its page; the browser rung's signed sentHeaders carry it). The browser rung's withholding on a redirect hop to another origin (276e35b, custom_headers_withheld) rests on packages/bench/test/pageOptions.test.ts: no live check redirected across origins."
scrape-execution.mobile-emulation,solid,"ddf026b (a436397, 3e20c60, 4b7ce20): mobile on REST, SDK, MCP and /fc, refused in research mode, a second declared identity (Android 14 Pixel 7, sec-ch-ua-mobile ?1, platform Android, 412x915, touch) that passes the coherence and honesty checks, set as Chromium's user-agent metadata on the browser rung. Live B1: the http rung sent the mobile User-Agent and hints (identity_sent device mobile), read robots.txt with that User-Agent, no identity_mismatch; Wikipedia served the desktop article (no redirect observed). The browser rung's record with the mobile headers is shown by pageOptions.test.ts. Known leftover: on a managed persistent context (direct library use; no API path) mobile is silently downgraded to desktop (browserLocal.ts)."
scrape-execution.skip-tls-verification,solid,"ddf026b (a436397, 3e20c60, 4b7ce20): by default a certificate that does not verify is failed/tls_error with the error code in request_failed; the option relaxes one local request (per-request dispatcher, relaxed robots lookup, ignoreHTTPSErrors) with tls_verification_skipped and a tls_unverified warning; refused in hosted mode. Live C1/C3 (DEPTH_ZERO_SELF_SIGNED_CERT / CERT_HAS_EXPIRED on the robots.txt request, through the proxy tunnel), C2/C4 (both rungs fetch over the unverified certificate with the event, the warning and a real robots verdict), C5 (hosted 400 by name with a hint, nothing fetched). Known leftover: the browser rung's ignoreHTTPSErrors is context-wide (every host the page loads from) while the event and warning name the requested host only."
scrape-execution.fast-mode,solid,"ddf026b (a436397, 4b7ce20): fastMode on REST, SDK, MCP and /fc keeps the http rung alone, refused by name for a browser-only URL, ladder_channels_filtered recorded, the fastMode hint when the http rung asked for the browser. Live D1/D2: /js/ is failed/empty_unverified on the http rung with browserMs 0 and the hint (never success); the control page gives the ten quotes on the http rung."
scrape-execution.block-ads,solid,"ddf026b (a436397, 3e20c60, 4b7ce20): blockAds (default true) on REST, SDK, MCP and /fc; the local browser rung aborts requests to 53 bundled ad hosts before any connection and records ads_blocked; the extractor's ad and cookie-banner pruning follows the switch. Live E1-E3 on a local fixture (no test-set row; the sandboxes carry no ads): two real ad hosts aborted in Chromium (ads_blocked count 2), the advertisement container absent from markdown by default and present with false; the false case was run on loopback stand-ins only; A3 showed www.googleadservices.com aborted by default. Known leftover: the extraction switch does not reach the whole-page path (onlyMainContent: false), see scrape-formats.block-ads."
scrape-formats.block-ads,weak,"ddf026b (a436397, 3e20c60): ExtractorOptions.blockAds switches the ad-container and cookie-banner pruning; default Markdown unchanged (EXTRACTOR_VERSION extract-tf/5). Live E2/E3: on the main-content path markdown and html carry no ad container by default and both carry it with false. Missing: with onlyMainContent: false the whole-page markdown and html keep the advertisement container, and the aborted ad pixel's image reference, whatever blockAds says (E4/E5 in runs/2026-10-02-m2-execution.md): wholePageMarkdown (packages/bench/src/subjects/errorPage.ts) and wholePageBody (packages/extract-tf/src/prune.ts) run no token pruning, and README's blockAds bullet ('before extraction on every rung'; false 'keeps ads and cookie banners in markdown and html') does not name the exception. Pre-existing; the switch must reach that path or the docs and the contract must name it."
scrape-execution.execution-metadata,solid,"ddf026b (78fce32, 7522f09): scrapeId (a UUID per call) at the top of the full response and in metadata with sourceURL, url, statusCode, contentType, proxyUsed, timezone, concurrencyLimited, concurrencyQueueDurationMs (/fc adds creditsUsed null); a bodiless record under <taskRoot>/scrapes/<id>.json behind GET /v1/scrapes/:id, SDK getScrape and MCP get_scrape. Live F1/F2 (Wikipedia: proxyUsed operator, timezone null, canonicalUrl; the record with request, usage and snapshot and no markdown; unknown id 404 not_found) and H1/H2 (the record through the SDK and the MCP stdio adapter). Known leftovers: the record is written with a plain writeFile, so a truncated file would answer 400 invalid_json rather than 500; the hosted MCP allowlist (hostedToolPolicy.ts REMOTE_TOOLS) does not expose get_scrape; no retention."
scrape-execution.concurrency-queue-signal,solid,"ddf026b (78fce32): OriginScheduler marks a waiter held by the per-origin ceiling and measures the hold (OriginPermit.limitedByConcurrency, concurrencyWaitMs), copied into usage.timings and summed into metadata.concurrencyLimited / concurrencyQueueDurationMs on the full, compact and /fc responses. Live G on W2L_PER_HOST_CONCURRENCY=1: three concurrent httpbin delay/2 scrapes gave false/0, true/4,621 ms and true/7,876 ms (above the 2,000 and 4,000 ms floors), each equal to its usage.timings.concurrencyWaitMs; the unlimited answer carries no concurrencyWaitMs key."
scrape-execution.integration-origin-tagging,solid,"ddf026b (78fce32, 7522f09): origin and integration on scrape, crawl and batch (REST, /fc, SDK, MCP), 1 to 100 printable characters without spaces else the named 400; stored in the scrape record and Task.attribution (attribution_json column), never echoed or sent to the target; the SDK sets origin js-sdk@<version>, the MCP server origin mcp-<client>@<version> from clientInfo and refuses a caller-set origin. Live H1/H2: SDK record origin js-sdk@0.3.0, MCP stdio record origin mcp-parity-check@1, integration parity-check on both, nothing echoed. Known leftover: the hosted MCP host's scrape allowlist (hostedToolPolicy.ts onlyKeys) drops integration, so there it is recorded only as the origin."
scrape-execution.agent-hints,solid,"ddf026b (78fce32, 7522f09): agentHintsFor (packages/api/src/hints.ts) is a pure table over the result (robots rule, login wall, gate, rate limit, truncation, client-rendered, fastMode declined, http_error with a kept page); agentHints on full and compact responses, batch items, crawl pages, the record and /fc scrape (agent_hints); hints on the 400s for stealth, proxy and ignoreRobotsTxt and the hosted skipTlsVerification refusal and on the 429; SDK W2LError.agentHints. Live I1 (BLS 403 under fastMode: the gate hint naming www.bls.gov and http and the fastMode hint, none quoted in the Markdown), I2 (no agentHints key on a sandbox success), plus A4's http_error hint, C5's hosted hint and J3's wait hint. Known leftovers: /fc crawl-status pages carry no agent_hints while native crawl pages and /fc scrape do; no test asserts hints on batch items or crawl pages; two sentences differ from the plan's wording (documented in README and CHANGELOG)."
scrape-execution.rate-limit-errors,solid,"ddf026b (78fce32, 7522f09): W2L_RATE_LIMIT_PER_MINUTE / --rate-limit-per-minute (1 to 100000; anything else stops startup by name) gives a sliding-minute budget per bearer token (or local) on scrape, crawl and batch starts, status reads free; over it HTTP 429 rate_limited with Retry-After, retryAfterSeconds and a hint (/fc envelope too); SDK W2LError.retryAfterMs; MCP rethrows by name. Live J on W2L_RATE_LIMIT_PER_MINUTE=2: two successes then W2LError 429 rate_limited with retryAfterMs 57,000 and the wait hint in 3 ms; curl shows HTTP/1.1 429, retry-after: 56 and the body; the third and fourth requests fetched nothing. Known leftovers: in-memory and per process; the hosted MCP host's in-process app (managedRuntime.ts createApp) sets no rateLimit, so per-token limiting holds for the REST server only."
