source_id,url,source_name,source_type,tier,publication_year,numeric_observations,facility_identities,workbook_references,expected_format,domain,flags
S001,https://docs.equinix.com/colocation/availability/,Equinix - Colocation Availability,Official operator webpage,1,NA,0,253,761,html,docs.equinix.com,
S002,https://vantage-dc.com/company/contact-us/,Vantage - Data-center campus locations and addresses,Official operator webpage,1,NA,0,41,124,html,vantage-dc.com,
S003,https://vantage-dc.com/data-center-locations/apac/,Vantage - Asia Pacific campus capacity,Official operator webpage,1,NA,7,0,8,html,vantage-dc.com,
S004,https://www.digitalrealty.com/data-centers/emea/frankfurt,Digital Realty - Frankfurt facility list,Official operator webpage,1,NA,24,24,97,html,www.digitalrealty.com,
S005,https://www.digitalrealty.com/data-centers/emea/paris,Digital Realty - Paris facility list,Official operator webpage,1,NA,13,13,53,html,www.digitalrealty.com,
DLR-SINGAPORE,https://www.digitalrealty.com/data-centers/asia-pacific/singapore,Digital Realty - Singapore facility list,Official operator webpage,1,NA,3,3,16,html,www.digitalrealty.com,
DLR-AMSTERDAM,https://www.digitalrealty.com/data-centers/emea/amsterdam,Digital Realty - Amsterdam facility list,Official operator webpage,1,NA,12,12,49,html,www.digitalrealty.com,
DLR-LONDON,https://www.digitalrealty.com/data-centers/emea/london,Digital Realty - London facility list,Official operator webpage,1,NA,13,13,53,html,www.digitalrealty.com,
DLR-DUBLIN,https://www.digitalrealty.com/data-centers/emea/dublin,Digital Realty - Dublin facility list,Official operator webpage,1,NA,9,9,37,html,www.digitalrealty.com,
DLR-MARSEILLE,https://www.digitalrealty.com/data-centers/emea/marseille,Digital Realty - Marseille facility list,Official operator webpage,1,NA,5,5,21,html,www.digitalrealty.com,
DLR-ZURICH,https://www.digitalrealty.com/data-centers/emea/zurich,Digital Realty - Zurich facility list,Official operator webpage,1,NA,3,3,13,html,www.digitalrealty.com,
G-PUE,https://datacenters.google/efficiency/,Google Data Centers - historical measured PUE tables,Official operator webpage,1,NA,249,35,639,html,datacenters.google,
META-2025,https://sustainability.atmeta.com/asset/2025-environmental-data-index/,Meta 2025 Environmental Data Index (CY2020-2024),Company environmental report PDF,1,2025,396,18,534,report_asset_page (PDF?),sustainability.atmeta.com,
META-EY2025,https://sustainability.atmeta.com/asset/2025-independent-accountants-review-report/,Meta 2025 independent accountants review (CY2024),Independent assurance PDF,1,2025,0,0,1,report_asset_page (PDF?),sustainability.atmeta.com,
META-LOC,https://datacenters.atmeta.com/all-locations/,Meta global data centre fleet,Official operator webpage,1,NA,15,15,61,html,datacenters.atmeta.com,
AIR-LOC,https://airtrunk.com/locations/,AirTrunk global data centre locations,Official operator webpage,1,NA,0,22,67,html,airtrunk.com,
AIR-SYD1,https://airtrunk.com/location/syd1-sydney-west/,AirTrunk SYD1 campus specifications,Official operator webpage,1,NA,4,0,6,html,airtrunk.com,
AIR-JHB1,https://airtrunk.com/location/jhb1-johor/,AirTrunk JHB1 campus specifications,Official operator webpage,1,NA,4,0,7,html,airtrunk.com,
GS-LOC,https://www.globalswitch.com/data-centres/,Global Switch data centre locations and advertised MW,Official operator webpage,1,NA,16,16,65,html,www.globalswitch.com,
STT-SG,https://www.sttgdc.com/sg-en/locations/singapore,STT GDC Singapore locations,Official operator webpage,1,NA,6,6,25,html,www.sttgdc.com,
EQ-2025,https://delivery-p112322-e1154416.adobeaemcloud.com/adobe/assets/deliver/urn:aaid:aem:39ee2b33-ca04-460f-a97b-1e92ef62ec05/Equinix-Inc_2025_Data-Summary.pdf,Equinix 2025 Sustainability Data Summary,Company sustainability data report,1,2026,61,0,66,pdf,delivery-p112322-e1154416.adobeaemcloud.com,
DLR-2025,https://go2.digitalrealty.com/rs/087-YZJ-646/images/Report_Digital_Realty_2605_Impact_Report.pdf,Digital Realty 2025 Impact Report,Company sustainability report,1,2026,32,0,36,pdf,go2.digitalrealty.com,
MS-2025,https://aka.ms/SustainabilityFactsheet2025,Microsoft 2025 Environmental Data Fact Sheet,Company environmental data report,1,2025,60,0,66,shortlink (likely PDF),aka.ms,
NTT-EMEA,https://services.global.ntt/en-us/services-and-products/global-data-centers/global-locations/emea,NTT EMEA data centre locations,Official operator webpage,1,NA,6,13,47,html,services.global.ntt,
NTT-BERLIN,https://services.global.ntt/en-us/services-and-products/global-data-centers/global-locations/emea/berlin-data-centers,NTT Berlin data centres,Official operator webpage,1,NA,0,2,7,html,services.global.ntt,
NTT-FRANKFURT,https://services.global.ntt/en-us/services-and-products/global-data-centers/global-locations/emea/frankfurt-data-centers,NTT Frankfurt data centres,Official operator webpage,1,NA,0,4,13,html,services.global.ntt,
NTT-MUNICH,https://services.global.ntt/en-us/services-and-products/global-data-centers/global-locations/emea/munich-data-centers,NTT Munich data centres,Official operator webpage,1,NA,0,2,7,html,services.global.ntt,
NTT-APAC,https://services.global.ntt/en-us/services-and-products/global-data-centers/global-locations/asia-pacific,NTT Asia Pacific data centre locations,Official operator webpage,1,NA,1,13,43,html,services.global.ntt,
NTT-2016,https://www.ntt.com/en/about-us/press-releases/news/article/2016/20160615_2/20160615_2a.html,NTT Communications Nexcenter Connect location attachment,Official operator webpage,1,2016,0,23,70,html,www.ntt.com,
ATN-LOC,https://www.atnorth.com/,atNorth Nordic site list,Official operator webpage,1,NA,0,12,37,html,www.atnorth.com,
TER-LOC,https://www.teraco.co.za/data-centre-locations/,Teraco data centre locations,Official operator webpage,1,NA,0,8,25,html,www.teraco.co.za,
TER-CT2025,https://www.teraco.co.za/news/teraco-announces-ct1-data-centre-expansion-in-rondebosch-cape-town/,Teraco CT1 expansion announcement,Official operator webpage,1,2025,3,0,5,html,www.teraco.co.za,
TER-DB2023,https://www.teraco.co.za/news/teraco-completes-durban-data-centre-expansion-to-double-existing-facility-capacity/,Teraco DB1 completed expansion,Official operator webpage,1,2023,2,0,4,html,www.teraco.co.za,
TER-DBLOC,https://www.teraco.co.za/data-centre-locations/durban/,Teraco Durban site specification,Official operator webpage,1,NA,1,0,4,html,www.teraco.co.za,
DLR-TOKYO,https://www.digitalrealty.com/data-centers/asia-pacific/tokyo,Digital Realty - Tokyo facility list,Official operator webpage,1,NA,4,4,21,html,www.digitalrealty.com,
DLR-OSAKA,https://www.digitalrealty.com/data-centers/asia-pacific/osaka,Digital Realty - Osaka facility list,Official operator webpage,1,NA,4,4,21,html,www.digitalrealty.com,
AIR-FIN25,https://airtrunk.com/airtrunk-closes-a16-billion-ex-japan-sustainable-financing-to-accelerate-apj-growth-and-impact/,AirTrunk A$16b refinancing announcement,Company financing announcement,1,2025,3,0,11,html,airtrunk.com,
AIR-GFF,https://airtrunk.com/wp-content/uploads/2023/03/AirTrunk-Green-Financing-Framework-Final-1.pdf,AirTrunk Green Financing Framework - retrieved revision,Green financing framework,1,NA,12,0,33,pdf,airtrunk.com,
AIR-SGP2FIN,https://airtrunk.com/zh-hans/airtrunk-secures-landmark-s2-25-billion-green-loan-advancing-singapores-role-as-asias-green-finance-hub/,AirTrunk SGP2 green loan announcement,Company financing announcement,1,2025,3,0,5,html,airtrunk.com,non-English page (zh-hans)
AIR-TOK1FIN,https://airtrunk.com/zh-hans/airtrunk-secures-largest-financing-for-a-data-centre-in-japan-with-us1-2-billion-green-loan-for-its-flagship-tokyo-campus/,AirTrunk TOK1 green loan announcement,Company financing announcement,1,2026,4,0,6,html,airtrunk.com,non-English page (zh-hans)
AIR-JHB2FIN,https://airtrunk.com/airtrunk-secures-us2-325b-green-financing-to-support-sustainable-digital-infrastructure-growth-in-malaysia/,AirTrunk JHB2 green project financing,Company financing announcement,1,2026,3,0,5,html,airtrunk.com,
EQ-GFF,https://delivery-p112322-e1154416.adobeaemcloud.com/adobe/assets/deliver/urn:aaid:aem:b04d8496-c8ac-4015-b1bd-02c526ce7f22/Eq_GU_Equinix,Equinix Green Finance Framework - linked as 2024 framework,Green financing framework,1,2024,6,0,21,html,delivery-p112322-e1154416.adobeaemcloud.com,URL has no file extension; may be truncated - verify
EQ-ALLOC25,https://delivery-p112322-e1154416.adobeaemcloud.com/adobe/assets/deliver/urn:aaid:aem:500c1bb1-fec2-4101-b518-162282bd3fc9/green-bond-allocation-report-2025.pdf,Equinix 2025 Green Bond Allocation and Impact Report,Bond allocation / impact report,1,2025,22,1,37,pdf,delivery-p112322-e1154416.adobeaemcloud.com,
STT-SLFF24,https://assets.sttelemediagdc.com/sttgdc/global_en/public/2024-08/STT_GDC_Sustainability-Linked_Financing_Framework_2024.pdf,STT GDC Sustainability-Linked Financing Framework 2024,Sustainability-linked financing framework,1,2024,15,0,24,pdf,assets.sttelemediagdc.com,
CYR-FIN24,https://www.cyrusone.com/media-coverage-press-releases/cyrusone-secures-9-7-billion-in-new-debt-capital-to-fund-datacenter-growth,CyrusOne $9.7b debt capital announcement,Company financing announcement,1,2024,4,0,222,html,www.cyrusone.com,same URL as another Source_ID (CYR-LOC)
GOOG-2025-MIRROR,https://fliphtml5.com/gsjoh/google-2025-environmental-report/,"Google Environmental Report 2025 - FY2024 tables, mirrored copy",Mirrored primary sustainability report,2,2025,185,0,233,third_party_mirror,fliphtml5.com,mirror; researcher notes canonical PDF exceeded retrieval-size limit
IREN-Q226,https://www.sec.gov/Archives/edgar/data/1878848/000187884826000015/iren-20251231.htm,IREN Form 10-Q quarter ended December 31 2025,SEC filing,1,2026,18,7,71,sec_filing_html,www.sec.gov,SEC requires a declared User-Agent with contact email
NEB-MAN24,https://nebius.com/newsroom/nebius-to-triple-capacity-at-finland-data-center-to-75-mw,Nebius Finland data center expansion to 75MW,Official company release,1,2024,3,1,17,html,nebius.com,
CYR-LOC,https://www.cyrusone.com/media-coverage-press-releases/cyrusone-secures-9-7-billion-in-new-debt-capital-to-fund-datacenter-growth,CyrusOne current global location navigation,Official operator webpage,1,NA,0,53,222,html,www.cyrusone.com,same URL as another Source_ID (CYR-FIN24)
IM-LOC,https://www.ironmountain.com/data-centers/colocation,Iron Mountain colocation facility list,Official operator webpage,1,NA,0,26,80,html,www.ironmountain.com,
TELE-LOC,https://www.telehouse-rechenzentrum.de/en/locations/,Telehouse worldwide facility descriptions,Official operator webpage,1,NA,5,20,87,html,www.telehouse-rechenzentrum.de,
NEB-2025,https://nebius.com/newsroom/nebius-publishes-2025-sustainability-report-outlining-blueprint-for-scaling-responsibly,Nebius 2025 sustainability performance release,Official sustainability release,1,2026,3,0,8,html,nebius.com,
OVH-FY25-KPI,https://www.ovhcloud.com/sites/default/files/external_files/kpis_fy25.pdf,OVHcloud FY2025 site environmental KPIs and FY2023-25 PUE history,Official environmental data PDF,1,2025,50,9,108,pdf,www.ovhcloud.com,
AWS-ENV26,https://sustainability.aboutamazon.com/products-services/aws-cloud,AWS sustainability: annual global and regional PUE/WUE 2022-2025,Official operator webpage,1,2026,155,0,270,html,sustainability.aboutamazon.com,
NEB-2025-FULL,https://assets.nebius.com/assets/79cf11ba-bb23-4cb8-802e-21dc155be31c/Nebius%202025%20Sustainability%20Report.pdf,Nebius 2025 Sustainability Report,Official sustainability report PDF,1,2026,14,0,20,pdf,assets.nebius.com,
GDS-ESG24,https://investors.gds-services.com/news-releases/news-release-details/gds-releases-2024-esg-report,GDS releases 2024 ESG report,Official operator webpage,1,2025,3,0,6,html,investors.gds-services.com,
ALIBABA-ESG24,https://www.alibabagroup.com/en-US/document-1752127870676762624,Alibaba 2024 ESG report announcement,Official operator webpage,1,2024,3,0,6,html,www.alibabagroup.com,
TENCENT-CLIMATE26,https://www.tencent.com/zh-cn/tencent-backs-next-gen-decarbonization-innovators-with-catalytic-funding-through-carbonx-2-0-and-advances-progress-towards-climate-goals/,Tencent carbon neutrality progress and CarbonX 2.0,Official operator webpage,1,2026,6,0,9,html,www.tencent.com,non-English page (zh-cn)
CHINDATA-ENV26,https://www.chindatagroup.com/sustainability/4/oid/4.html,Chindata green operations: 2024 and 2025 environmental performance,Official operator webpage,1,2026,10,1,18,html,www.chindatagroup.com,
NEXTDC-LOC,https://www.nextdc.com/solutions/mission-critical-spaces,NEXTDC location navigation / mission critical spaces,Official operator webpage,1,NA,0,28,94,html,www.nextdc.com,
CORESITE-DGX24,https://www.coresite.com/news/coresite-helps-accelerate-artificial-intelligence-adoption-nvidia-dgx-ready-data-center-partner,CoreSite: four named NVIDIA DGX-ready sites,Official operator webpage,1,2024,0,4,46,html,www.coresite.com,
STT-DGX25,https://www.sttgdc.com/sg-en/newsroom/stt-gdc-achieves-certification-nvidia-dgx-ready-data-center-program,STT Singapore 6 and Bangkok 1 DGX-ready certification,Official operator webpage,1,2025,0,1,19,html,www.sttgdc.com,
APLD-FY26,https://ir.applieddigital.com/sec-filings/all-sec-filings/content/0001144879-26-000044/apldq426earningsreleaseasf.htm,Applied Digital FY2026 earnings and campus operational update,Company SEC filing / earnings exhibit,1,2026,11,6,71,sec_filing_html,ir.applieddigital.com,
CRUSOE-ABILENE25,https://www.crusoe.ai/resources/newsroom/crusoe-expands-ai-data-center-campus-in-abilene-to-1-2-gigawatts,Crusoe Abilene campus expansion,Official operator webpage,1,2025,2,1,8,html,www.crusoe.ai,
CRUSOE-ABILENE-OP25,https://www.crusoe.ai/resources/newsroom/crusoe-wins-north-american-data-center-project-of-the-year-at-2025-data-center-dynamics-global-awards,Crusoe confirms initial Abilene phase live with OCI,Official operator webpage,1,2025,0,0,12,html,www.crusoe.ai,
KHAZNA-AI25,https://khaznadatacenters.com/ar/press-release/khazna-expands-infrastructure-to-accelerate-uaes-leadership-in-artificial-intelligence/,Khazna AUH4 AUH8 QAJ1 project announcement,Official operator webpage,1,2025,2,3,37,html,khaznadatacenters.com,non-English page (ar)
RAXIO-CONTACT26,https://www.raxiogroup.com/contact/,Raxio physical data-centre contact directory,Official operator webpage,1,NA,0,5,17,html,www.raxiogroup.com,
RAXIO-ABOUT26,https://www.raxiogroup.com/about-raxio/,Raxio country footprint,Official operator webpage,1,NA,0,0,6,html,www.raxiogroup.com,
RAXIO-AO1,https://www.raxiogroup.com/data-centres/angola/,Raxio Angola AO1 specification,Official operator webpage,1,NA,4,1,10,html,www.raxiogroup.com,
ADC-NBO1,https://www.africadatacentres.com/nairobi/,Africa Data Centres NBO1 and named network locations,Official operator webpage,1,NA,1,4,18,html,www.africadatacentres.com,
ADC-LOS1,https://www.africadatacentres.com/lagos/,Africa Data Centres LOS1 Lagos specification,Official operator webpage,1,NA,2,1,6,html,www.africadatacentres.com,
GOOG-2025-CANONICAL,https://www.gstatic.com/gumdrop/sustainability/google-2025-environmental-report.pdf,Google Environmental Report 2025 - canonical PDF (listed in Canonical_URL / notes),derived from Sources notes,,2025,0,0,2,pdf,www.gstatic.com,canonical PDF: researcher could not retrieve (size limit)
GOOG-2025-STUDYLIB,https://studylib.net/doc/28545749/google-2025-environmental-report,Google Environmental Report 2025 - second mirror used for cross-check (Source_Notes),derived from Sources notes,,2025,0,0,1,third_party_mirror,studylib.net,third-party mirror
