state,year,average_retail_price_cents_per_kwh,net_summer_capacity_mw,net_generation_mwh,total_retail_sales_mwh,source_url,raw_body_sha256,retrieved_at_utc
Alabama,2024,11.90,30996,142921216,87522932,https://www.eia.gov/electricity/state/,af621bf927ff151bd520f2ab3f4313586a5918d975a46294f0c957016f2851ba,2026-09-28T15:07:42.636Z
Alaska,2024,22.17,2853,6690506,6046503,https://www.eia.gov/electricity/state/,af621bf927ff151bd520f2ab3f4313586a5918d975a46294f0c957016f2851ba,2026-09-28T15:07:42.636Z
Arizona,2024,12.74,32877,116026511,90843288,https://www.eia.gov/electricity/state/,af621bf927ff151bd520f2ab3f4313586a5918d975a46294f0c957016f2851ba,2026-09-28T15:07:42.636Z
Arkansas,2024,9.59,15907,61542484,49895812,https://www.eia.gov/electricity/state/,af621bf927ff151bd520f2ab3f4313586a5918d975a46294f0c957016f2851ba,2026-09-28T15:07:42.636Z
California,2024,27.04,96773,214191383,245717145,https://www.eia.gov/electricity/state/,af621bf927ff151bd520f2ab3f4313586a5918d975a46294f0c957016f2851ba,2026-09-28T15:07:42.636Z
Colorado,2024,12.07,19817,58798395,56842904,https://www.eia.gov/electricity/state/,af621bf927ff151bd520f2ab3f4313586a5918d975a46294f0c957016f2851ba,2026-09-28T15:07:42.636Z
Connecticut,2024,24.37,9994,44761412,27351355,https://www.eia.gov/electricity/state/,af621bf927ff151bd520f2ab3f4313586a5918d975a46294f0c957016f2851ba,2026-09-28T15:07:42.636Z
Delaware,2024,13.56,3303,4799212,11373916,https://www.eia.gov/electricity/state/,af621bf927ff151bd520f2ab3f4313586a5918d975a46294f0c957016f2851ba,2026-09-28T15:07:42.636Z
District of Columbia,2024,16.88,62,187195,10142915,https://www.eia.gov/electricity/state/,af621bf927ff151bd520f2ab3f4313586a5918d975a46294f0c957016f2851ba,2026-09-28T15:07:42.636Z
Florida,2024,12.53,72012,266119236,255095458,https://www.eia.gov/electricity/state/,af621bf927ff151bd520f2ab3f4313586a5918d975a46294f0c957016f2851ba,2026-09-28T15:07:42.636Z
Georgia,2024,11.40,39746,139805428,150003965,https://www.eia.gov/electricity/state/,af621bf927ff151bd520f2ab3f4313586a5918d975a46294f0c957016f2851ba,2026-09-28T15:07:42.636Z
Hawaii,2024,38.00,3369,9160979,8952134,https://www.eia.gov/electricity/state/,af621bf927ff151bd520f2ab3f4313586a5918d975a46294f0c957016f2851ba,2026-09-28T15:07:42.636Z
Idaho,2024,9.51,5548,20035438,26369555,https://www.eia.gov/electricity/state/,af621bf927ff151bd520f2ab3f4313586a5918d975a46294f0c957016f2851ba,2026-09-28T15:07:42.636Z
Illinois,2024,12.21,46279,185012935,133226907,https://www.eia.gov/electricity/state/,af621bf927ff151bd520f2ab3f4313586a5918d975a46294f0c957016f2851ba,2026-09-28T15:07:42.636Z
Indiana,2024,11.38,27837,97012880,99219607,https://www.eia.gov/electricity/state/,af621bf927ff151bd520f2ab3f4313586a5918d975a46294f0c957016f2851ba,2026-09-28T15:07:42.636Z
Iowa,2024,9.34,23226,70464148,54930422,https://www.eia.gov/electricity/state/,af621bf927ff151bd520f2ab3f4313586a5918d975a46294f0c957016f2851ba,2026-09-28T15:07:42.636Z
Kansas,2024,11.21,19356,57696155,41258210,https://www.eia.gov/electricity/state/,af621bf927ff151bd520f2ab3f4313586a5918d975a46294f0c957016f2851ba,2026-09-28T15:07:42.636Z
Kentucky,2024,10.07,18380,66950848,74405871,https://www.eia.gov/electricity/state/,af621bf927ff151bd520f2ab3f4313586a5918d975a46294f0c957016f2851ba,2026-09-28T15:07:42.636Z
Louisiana,2024,8.80,24707,99622835,95356829,https://www.eia.gov/electricity/state/,af621bf927ff151bd520f2ab3f4313586a5918d975a46294f0c957016f2851ba,2026-09-28T15:07:42.636Z
Maine,2024,19.66,5586,14655178,11341591,https://www.eia.gov/electricity/state/,af621bf927ff151bd520f2ab3f4313586a5918d975a46294f0c957016f2851ba,2026-09-28T15:07:42.636Z
Maryland,2024,15.04,11718,35424816,59018688,https://www.eia.gov/electricity/state/,af621bf927ff151bd520f2ab3f4313586a5918d975a46294f0c957016f2851ba,2026-09-28T15:07:42.636Z
Massachusetts,2024,23.94,11505,20914890,49418575,https://www.eia.gov/electricity/state/,af621bf927ff151bd520f2ab3f4313586a5918d975a46294f0c957016f2851ba,2026-09-28T15:07:42.636Z
Michigan,2024,14.16,32139,124200090,98991014,https://www.eia.gov/electricity/state/,af621bf927ff151bd520f2ab3f4313586a5918d975a46294f0c957016f2851ba,2026-09-28T15:07:42.636Z
Minnesota,2024,12.35,18213,58595222,64562108,https://www.eia.gov/electricity/state/,af621bf927ff151bd520f2ab3f4313586a5918d975a46294f0c957016f2851ba,2026-09-28T15:07:42.636Z
Mississippi,2024,10.93,15961,77336712,48684612,https://www.eia.gov/electricity/state/,af621bf927ff151bd520f2ab3f4313586a5918d975a46294f0c957016f2851ba,2026-09-28T15:07:42.636Z
Missouri,2024,11.06,20419,66875710,77776034,https://www.eia.gov/electricity/state/,af621bf927ff151bd520f2ab3f4313586a5918d975a46294f0c957016f2851ba,2026-09-28T15:07:42.636Z
Montana,2024,10.83,7183,26872883,15567013,https://www.eia.gov/electricity/state/,af621bf927ff151bd520f2ab3f4313586a5918d975a46294f0c957016f2851ba,2026-09-28T15:07:42.636Z
Nebraska,2024,9.07,10868,37228950,35191045,https://www.eia.gov/electricity/state/,af621bf927ff151bd520f2ab3f4313586a5918d975a46294f0c957016f2851ba,2026-09-28T15:07:42.636Z
Nevada,2024,11.47,16725,45528427,40664639,https://www.eia.gov/electricity/state/,af621bf927ff151bd520f2ab3f4313586a5918d975a46294f0c957016f2851ba,2026-09-28T15:07:42.636Z
New Hampshire,2024,20.61,4470,16942479,10913961,https://www.eia.gov/electricity/state/,af621bf927ff151bd520f2ab3f4313586a5918d975a46294f0c957016f2851ba,2026-09-28T15:07:42.636Z
New Jersey,2024,16.29,16606,60175245,73531424,https://www.eia.gov/electricity/state/,af621bf927ff151bd520f2ab3f4313586a5918d975a46294f0c957016f2851ba,2026-09-28T15:07:42.636Z
New Mexico,2024,9.18,11887,39697294,30296354,https://www.eia.gov/electricity/state/,af621bf927ff151bd520f2ab3f4313586a5918d975a46294f0c957016f2851ba,2026-09-28T15:07:42.636Z
New York,2024,19.66,41288,129015493,140497501,https://www.eia.gov/electricity/state/,af621bf927ff151bd520f2ab3f4313586a5918d975a46294f0c957016f2851ba,2026-09-28T15:07:42.636Z
North Carolina,2024,11.65,36337,134965396,136904526,https://www.eia.gov/electricity/state/,af621bf927ff151bd520f2ab3f4313586a5918d975a46294f0c957016f2851ba,2026-09-28T15:07:42.636Z
North Dakota,2024,7.93,9684,42557243,29769698,https://www.eia.gov/electricity/state/,af621bf927ff151bd520f2ab3f4313586a5918d975a46294f0c957016f2851ba,2026-09-28T15:07:42.636Z
Ohio,2024,11.29,30491,142746706,153707376,https://www.eia.gov/electricity/state/,af621bf927ff151bd520f2ab3f4313586a5918d975a46294f0c957016f2851ba,2026-09-28T15:07:42.636Z
Oklahoma,2024,9.09,31907,94069145,72083773,https://www.eia.gov/electricity/state/,af621bf927ff151bd520f2ab3f4313586a5918d975a46294f0c957016f2851ba,2026-09-28T15:07:42.636Z
Oregon,2024,11.11,17692,64661249,59680701,https://www.eia.gov/electricity/state/,af621bf927ff151bd520f2ab3f4313586a5918d975a46294f0c957016f2851ba,2026-09-28T15:07:42.636Z
Pennsylvania,2024,12.51,48856,241498648,142146514,https://www.eia.gov/electricity/state/,af621bf927ff151bd520f2ab3f4313586a5918d975a46294f0c957016f2851ba,2026-09-28T15:07:42.636Z
Rhode Island,2024,24.15,2322,9777026,7414247,https://www.eia.gov/electricity/state/,af621bf927ff151bd520f2ab3f4313586a5918d975a46294f0c957016f2851ba,2026-09-28T15:07:42.636Z
South Carolina,2024,10.90,24706,100485416,83961428,https://www.eia.gov/electricity/state/,af621bf927ff151bd520f2ab3f4313586a5918d975a46294f0c957016f2851ba,2026-09-28T15:07:42.636Z
South Dakota,2024,10.87,7226,20871994,13637204,https://www.eia.gov/electricity/state/,af621bf927ff151bd520f2ab3f4313586a5918d975a46294f0c957016f2851ba,2026-09-28T15:07:42.636Z
Tennessee,2024,10.90,20605,76166766,102962435,https://www.eia.gov/electricity/state/,af621bf927ff151bd520f2ab3f4313586a5918d975a46294f0c957016f2851ba,2026-09-28T15:07:42.636Z
Texas,2024,9.79,168317,566502688,505431317,https://www.eia.gov/electricity/state/,af621bf927ff151bd520f2ab3f4313586a5918d975a46294f0c957016f2851ba,2026-09-28T15:07:42.636Z
Utah,2024,9.97,10277,35133906,34688083,https://www.eia.gov/electricity/state/,af621bf927ff151bd520f2ab3f4313586a5918d975a46294f0c957016f2851ba,2026-09-28T15:07:42.636Z
Vermont,2024,18.41,864,2258891,5458947,https://www.eia.gov/electricity/state/,af621bf927ff151bd520f2ab3f4313586a5918d975a46294f0c957016f2851ba,2026-09-28T15:07:42.636Z
Virginia,2024,10.62,29147,102698615,138044772,https://www.eia.gov/electricity/state/,af621bf927ff151bd520f2ab3f4313586a5918d975a46294f0c957016f2851ba,2026-09-28T15:07:42.636Z
Washington,2024,10.13,30975,102397711,89981629,https://www.eia.gov/electricity/state/,af621bf927ff151bd520f2ab3f4313586a5918d975a46294f0c957016f2851ba,2026-09-28T15:07:42.636Z
West Virginia,2024,11.05,15128,50594818,32990570,https://www.eia.gov/electricity/state/,af621bf927ff151bd520f2ab3f4313586a5918d975a46294f0c957016f2851ba,2026-09-28T15:07:42.636Z
Wisconsin,2024,12.72,17430,65276344,68291424,https://www.eia.gov/electricity/state/,af621bf927ff151bd520f2ab3f4313586a5918d975a46294f0c957016f2851ba,2026-09-28T15:07:42.636Z
Wyoming,2024,9.14,10846,40709150,17216901,https://www.eia.gov/electricity/state/,af621bf927ff151bd520f2ab3f4313586a5918d975a46294f0c957016f2851ba,2026-09-28T15:07:42.636Z
